Year	1958	1958	1958	1958	1958	1958	1958	1958	1958	1958	1958	1958	1959	1959	1959	1959	1959	1959	1959	1959	1959	1959	1959	1959	1960	1960	1960	1960	1960	1960	1960	1960	1960	1960	1960	1960	1961	1961	1961	1961	1961	1961	1961	1961	1961	1961	1961	1961	1962	1962	1962	1962	1962	1962	1962	1962	1962	1962	1962	1962	1963	1963	1963	1963	1963	1963	1963	1963	1963	1963	1963	1963	1964	1964	1964	1964	1964	1964	1964	1964	1964	1964	1964	1964	1965	1965	1965	1965	1965	1965	1965	1965	1965	1965	1965	1965	1966	1966	1966	1966	1966	1966	1966	1966	1966	1966	1966	1966	1967	1967	1967	1967	1967	1967	1967	1967	1967	1967	1967	1967	1968	1968	1968	1968	1968	1968	1968	1968	1968	1968	1968	1968	1969	1969	1969	1969	1969	1969	1969	1969	1969	1969	1969	1969	1970	1970	1970	1970	1970	1970	1970	1970	1970	1970	1970	1970	1971	1971	1971	1971	1971	1971	1971	1971	1971	1971	1971	1971	1972	1972	1972	1972	1972	1972	1972	1972	1972	1972	1972	1972
Issue	1	2	3	4	5	6	7	8	9	10	11	12	1	2	3	4	5	6	7	8	9	10	11	12	1	2	3	4	5	6	7	8	9	10	11	12	1	2	3	4	5	6	7	8	9	10	11	12	1	2	3	4	5	6	7	8	9	10	11	12	1	2	3	4	5	6	7	8	9	10	11	12	1	2	3	4	5	6	7	8	9	10	11	12	1	2	3	4	5	6	7	8	9	10	11	12	1	2	3	4	5	6	7	8	9	10	11	12	1	2	3	4	5	6	7	8	9	10	11	12	1	2	3	4	5	6	7	8	9	10	11	12	1	2	3	4	5	6	7	8	9	10	11	12	1	2	3	4	5	6	7	8	9	10	11	12	1	2	3	4	5	6	7	8	9	10	11	12	1	2	3	4	5	6	7	8	9	10	11	12
Chief editor	Ф. И. Панферов	Ф. И. Панферов	Ф. И. Панферов	Ф. И. Панферов	Ф. И. Панферов	Ф. И. Панферов	Ф. И. Панферов	Ф. И. Панферов	Ф. И. Панферов	Ф. И. Панферов	Ф. И. Панферов	Ф. И. Панферов	Ф. И. Панферов	Ф. И. Панферов	Ф. И. Панферов	Ф. И. Панферов	Ф. И. Панферов	Ф. И. Панферов	Ф. И. Панферов	Ф. И. Панферов	Ф. И. Панферов	Ф. И. Панферов	Ф. И. Панферов	Ф. И. Панферов	Ф. И. Панферов	Ф. И. Панферов	Ф. И. Панферов	Ф. И. Панферов	Ф. И. Панферов	Ф. И. Панферов	Ф. И. Панферов	Ф. И. Панферов	Ф. И. Панферов					В. A. Кочетов	В. A. Кочетов	В. A. Кочетов	В. A. Кочетов	В. A. Кочетов	В. A. Кочетов	В. A. Кочетов	В. A. Кочетов	В. A. Кочетов	В. A. Кочетов	В. A. Кочетов	В. A. Кочетов	В. A. Кочетов	В. A. Кочетов	В. A. Кочетов	В. A. Кочетов	В. A. Кочетов	В. A. Кочетов	В. A. Кочетов	В. A. Кочетов	В. A. Кочетов	В. A. Кочетов	В. A. Кочетов	В. A. Кочетов	В. A. Кочетов	В. A. Кочетов	В. A. Кочетов	В. A. Кочетов	В. A. Кочетов	В. A. Кочетов	В. A. Кочетов	В. A. Кочетов	В. A. Кочетов	В. A. Кочетов	В. A. Кочетов	В. A. Кочетов	В. A. Кочетов	В. A. Кочетов	В. A. Кочетов	В. A. Кочетов	В. A. Кочетов	В. A. Кочетов	В. A. Кочетов	В. A. Кочетов	В. A. Кочетов	В. A. Кочетов	В. A. Кочетов	В. A. Кочетов	В. A. Кочетов	В. A. Кочетов	В. A. Кочетов	В. A. Кочетов	В. A. Кочетов	В. A. Кочетов	В. A. Кочетов	В. A. Кочетов	В. A. Кочетов	В. A. Кочетов	В. A. Кочетов	В. A. Кочетов	В. A. Кочетов	В. A. Кочетов	В. A. Кочетов	В. A. Кочетов	В. A. Кочетов	В. A. Кочетов	В. A. Кочетов	В. A. Кочетов	В. A. Кочетов	В. A. Кочетов	В. A. Кочетов	В. A. Кочетов	В. A. Кочетов	В. A. Кочетов	В. A. Кочетов	В. A. Кочетов	В. A. Кочетов	В. A. Кочетов	В. A. Кочетов	В. A. Кочетов	В. A. Кочетов	В. A. Кочетов	В. A. Кочетов	В. A. Кочетов	В. A. Кочетов	В. A. Кочетов	В. A. Кочетов	В. A. Кочетов	В. A. Кочетов	В. A. Кочетов	В. A. Кочетов	В. A. Кочетов	В. A. Кочетов	В. A. Кочетов	В. A. Кочетов	В. A. Кочетов	В. A. Кочетов	В. A. Кочетов	В. A. Кочетов	В. A. Кочетов	В. A. Кочетов	В. A. Кочетов	В. A. Кочетов	В. A. Кочетов	В. A. Кочетов	В. A. Кочетов	В. A. Кочетов	В. A. Кочетов	В. A. Кочетов	В. A. Кочетов	В. A. Кочетов	В. A. Кочетов	В. A. Кочетов	В. A. Кочетов	В. A. Кочетов	В. A. Кочетов	В. A. Кочетов	В. A. Кочетов	В. A. Кочетов	В. A. Кочетов	В. A. Кочетов	В. A. Кочетов	В. A. Кочетов	В. A. Кочетов	В. A. Кочетов	В. A. Кочетов	В. A. Кочетов	В. A. Кочетов	В. A. Кочетов	В. A. Кочетов	В. A. Кочетов	В. A. Кочетов	В. A. Кочетов	В. A. Кочетов	В. A. Кочетов	В. A. Кочетов	В. A. Кочетов	В. A. Кочетов	В. A. Кочетов	В. A. Кочетов	В. A. Кочетов	В. A. Кочетов	В. A. Кочетов
Deputy editor														Л. Р. Шейнин	Л. Р. Шейнин	Л. Р. Шейнин	Л. Р. Шейнин	Л. Р. Шейнин	Л. Р. Шейнин	Л. Р. Шейнин	Л. Р. Шейнин	Л. Р. Шейнин	Л. Р. Шейнин	Л. Р. Шейнин	Л. Р. Шейнин			Л. Р. Шейнин	Л. Р. Шейнин	Л. Р. Шейнин	Л. Р. Шейнин	И. Ф. Виниченко	Л. Р. Шейнин	Л. Р. Шейнин	Л. Р. Шейнин	Л. Р. Шейнин	Л. Р. Шейнин	Л. Р. Шейнин	Л. Р. Шейнин																																																																																																																																													
Deputy editor														С. П. Бабаевский	С. П. Бабаевский	С. П. Бабаевский	С. П. Бабаевский	С. П. Бабаевский	С. П. Бабаевский	С. П. Бабаевский	С. П. Бабаевский	С. П. Бабаевский	С. П. Бабаевский	В. В. Фролов	В. В. Фролов	Л. Р. Шейнин	Л. Р. Шейнин	В. В. Фролов	В. В. Фролов	В. В. Фролов	В. В. Фролов	В. В. Фролов	В. В. Фролов	В. В. Фролов	В. В. Фролов	В. В. Фролов	В. В. Фролов	П. Карелин	П. Карелин	Л. Р. Шейнин	Л. Р. Шейнин	Л. Р. Шейнин	Л. Р. Шейнин	П. Карелин	П. Карелин	П. Карелин	П. Карелин	П. Карелин	П. Карелин	П. Карелин	П. Карелин	П. Карелин	П. Карелин	П. Карелин	П. Карелин	П. Карелин	П. Карелин	П. Карелин	П. Карелин	П. Карелин	П. Карелин	П. Карелин	П. Карелин	П. Карелин	П. Карелин	П. Карелин	П. Карелин	П. Карелин	П. Карелин	П. Карелин	П. Карелин	П. Карелин	П. Карелин	П. Карелин	П. Карелин	П. Карелин				Д. Стариков	Д. Стариков	Д. Стариков	Д. Стариков	Д. Стариков	Д. Стариков	Д. Стариков	Д. Стариков	Д. Стариков	Д. Стариков	Д. Стариков	Д. Стариков	Д. Стариков	Д. Стариков	Д. Стариков	Д. Стариков	Д. Стариков	Д. Стариков	Д. Стариков	Д. Стариков	Д. Стариков	Д. Стариков	Д. Стариков	Д. Стариков	Д. Стариков	Д. Стариков	Д. Стариков	Д. Стариков	Д. Стариков	Д. Стариков	Д. Стариков	Д. Стариков	Д. Стариков	Д. Стариков	Д. Стариков	Д. Стариков	Д. Стариков	Д. Стариков	Д. Стариков	Д. Стариков	Д. Стариков	Д. Стариков	Д. Стариков	Д. Стариков	Д. Стариков	Д. Стариков	Д. Стариков	Д. Стариков	Д. Стариков	П. Строков	П. Строков	П. Строков	П. Строков	П. Строков	П. Строков	П. Строков	П. Строков	П. Строков	П. Строков	П. С. Строков	П. С. Строков	П. С. Строков	П. С. Строков	П. С. Строков	П. С. Строков	П. С. Строков	П. С. Строков	П. С. Строков	П. С. Строков	П. С. Строков	П. С. Строков	П. С. Строков	П. С. Строков	П. С. Строков	П. С. Строков	П. С. Строков	П. С. Строков	П. С. Строков	П. С. Строков	П. С. Строков	П. С. Строков	П. С. Строков	П. С. Строков	П. С. Строков	П. С. Строков	П. С. Строков	П. С. Строков	П. С. Строков	П. С. Строков	П. С. Строков	П. С. Строков	П. С. Строков	П. С. Строков	П. С. Строков	П. С. Строков	П. С. Строков	П. С. Строков	П. С. Строков	П. С. Строков	П. С. Строков	П. С. Строков
Deputy editor														В. В. Фролов	В. В. Фролов	В. В. Фролов	В. В. Фролов	В. В. Фролов	В. В. Фролов	В. В. Фролов	В. В. Фролов	В. В. Фролов	В. В. Фролов			В. В. Фролов	В. В. Фролов													П. Карелин	П. Карелин	П. Карелин	П. Карелин			А. Дымшиц	А. Дымшиц	А. Дымшиц	А. Дымшиц	А. Дымшиц	А. Дымшиц	А. Дымшиц	А. Дымшиц	А. Дымшиц	А. Дымшиц	А. Дымшиц	А. Дымшиц	А. Дымшиц	А. Дымшиц	А. Дымшиц						П. Строков	П. Строков	П. Строков	П. Строков	П. Строков	П. Строков	П. Строков	П. Строков	П. Строков	П. Строков	П. Строков	П. Строков	П. Строков	П. Строков	П. Строков	П. Строков	П. Строков	П. Строков	П. Строков	П. Строков	П. Строков	П. Строков	П. Строков	П. Строков	П. Строков	П. Строков	П. Строков	П. Строков	П. Строков	П. Строков	П. Строков	П. Строков	П. Строков	П. Строков	П. Строков	П. Строков	П. Строков	П. Строков	П. Строков	П. Строков	П. Строков	П. Строков	П. Строков	П. Строков	П. Строков	П. Строков	П. Строков	П. Строков	П. Строков	П. Строков	П. Строков	П. Строков	П. Строков	П. Строков	П. Строков	П. Строков	П. Строков	П. Строков	П. Строков	П. Строков	П. Строков	П. Строков	П. Строков								Н. А. Горбачев	Н. А. Горбачев	Н. А. Горбачев	Н. А. Горбачев	Н. А. Горбачев	Н. А. Горбачев	Н. А. Горбачев	Н. А. Горбачев	Н. А. Горбачев	Н. А. Горбачев	Н. А. Горбачев	Н. А. Горбачев	Н. А. Горбачев	Н. А. Горбачев	Н. А. Горбачев	Н. А. Горбачев	Н. А. Горбачев	Н. А. Горбачев	Н. А. Горбачев	Н. А. Горбачев	Н. А. Горбачев	Н. А. Горбачев	Н. А. Горбачев	Н. А. Горбачев	Н. А. Горбачев	Н. А. Горбачев	Н. А. Горбачев	Н. А. Горбачев	Н. А. Горбачев	Н. А. Горбачев	Н. А. Горбачев	Н. А. Горбачев	Н. А. Горбачев												
Editor	А. Д. Андреев	А. Д. Андреев	А. Д. Андреев	А. Д. Андреев	А. Д. Андреев	А. Д. Андреев	А. Д. Андреев	А. Д. Андреев	А. Д. Андреев	А. Д. Андреев	А. Д. Андреев	А. Д. Андреев	А. Д. Андреев	А. Д. Андреев	А. Д. Андреев	А. Д. Андреев	А. Д. Андреев	А. Д. Андреев	А. Д. Андреев	А. Д. Андреев	А. Д. Андреев	А. Д. Андреев	А. Д. Андреев	А. Д. Андреев	А. Д. Андреев	А. Д. Андреев	А. Д. Андреев	А. Д. Андреев	А. Д. Андреев	А. Д. Андреев	А. Д. Андреев	А. Д. Андреев	А. Д. Андреев	А. Д. Андреев	А. Д. Андреев	А. Д. Андреев	А. Д. Андреев	А. Д. Андреев	А. Д. Андреев	А. Д. Андреев	А. Д. Андреев	А. Д. Андреев	А. Д. Андреев	А. Д. Андреев	А. Д. Андреев	А. Д. Андреев	А. Д. Андреев	А. Д. Андреев	А. Д. Андреев	А. Д. Андреев	А. Д. Андреев	А. Д. Андреев	А. Д. Андреев	А. Д. Андреев	А. Д. Андреев	А. Д. Андреев	А. Д. Андреев	А. Д. Андреев	А. Д. Андреев	А. Д. Андреев	А. Д. Андреев	А. Д. Андреев	А. Д. Андреев	А. Д. Андреев	А. Д. Андреев	А. Д. Андреев	А. Д. Андреев	А. Д. Андреев	А. Д. Андреев	А. Д. Андреев	А. Д. Андреев	А. Д. Андреев	А. Д. Андреев	А. Д. Андреев	А. Д. Андреев	А. Д. Андреев	А. Д. Андреев	А. Д. Андреев	А. Д. Андреев	А. Д. Андреев	А. Д. Андреев	А. Д. Андреев	А. Д. Андреев	А. Д. Андреев	А. Д. Андреев	А. Д. Андреев	А. Д. Андреев	А. Д. Андреев	А. Д. Андреев	А. Д. Андреев	А. Д. Андреев	А. Д. Андреев	А. Д. Андреев	А. Д. Андреев	А. Д. Андреев	А. Д. Андреев	А. Д. Андреев	А. Д. Андреев	С. П. Бабаевский	С. П. Бабаевский	С. П. Бабаевский	С. П. Бабаевский	С. П. Бабаевский	С. П. Бабаевский	С. П. Бабаевский	С. П. Бабаевский	С. П. Бабаевский	С. П. Бабаевский	С. П. Бабаевский	С. П. Бабаевский	С. П. Бабаевский	С. П. Бабаевский	С. П. Бабаевский	С. П. Бабаевский	С. П. Бабаевский	С. П. Бабаевский	С. П. Бабаевский	С. П. Бабаевский	С. П. Бабаевский	С. П. Бабаевский	С. П. Бабаевский	С. П. Бабаевский	С. П. Бабаевский	С. П. Бабаевский	С. П. Бабаевский	С. П. Бабаевский	С. П. Бабаевский	С. П. Бабаевский	С. П. Бабаевский	С. П. Бабаевский	С. П. Бабаевский	С. П. Бабаевский	С. П. Бабаевский	С. П. Бабаевский	С. П. Бабаевский	С. П. Бабаевский	С. П. Бабаевский	С. П. Бабаевский	С. П. Бабаевский	С. П. Бабаевский	С. П. Бабаевский	С. П. Бабаевский	С. П. Бабаевский	С. П. Бабаевский	С. П. Бабаевский	С. П. Бабаевский	С. П. Бабаевский	С. П. Бабаевский	С. П. Бабаевский	С. П. Бабаевский	С. П. Бабаевский	С. П. Бабаевский	С. П. Бабаевский	С. П. Бабаевский	С. П. Бабаевский	С. П. Бабаевский	С. П. Бабаевский	С. П. Бабаевский	С. П. Бабаевский	С. П. Бабаевский	С. П. Бабаевский	С. П. Бабаевский	С. П. Бабаевский	С. П. Бабаевский	С. П. Бабаевский	С. П. Бабаевский	С. П. Бабаевский	С. П. Бабаевский	С. П. Бабаевский	С. П. Бабаевский	С. П. Бабаевский	С. П. Бабаевский	С. П. Бабаевский	С. П. Бабаевский	С. П. Бабаевский	С. П. Бабаевский	С. П. Бабаевский	С. П. Бабаевский	С. П. Бабаевский	С. П. Бабаевский
Editor	С. П. Бабаевский	С. П. Бабаевский	С. П. Бабаевский	С. П. Бабаевский	С. П. Бабаевский	С. П. Бабаевский	С. П. Бабаевский	С. П. Бабаевский	С. П. Бабаевский	С. П. Бабаевский	С. П. Бабаевский	С. П. Бабаевский	С. П. Бабаевский	С. А. Васильев	С. А. Васильев	С. А. Васильев	С. А. Васильев	С. А. Васильев	С. А. Васильев	С. А. Васильев	С. А. Васильев	С. А. Васильев	С. А. Васильев	С. П. Бабаевский	С. П. Бабаевский	С. П. Бабаевский	С. П. Бабаевский	С. П. Бабаевский	С. П. Бабаевский	С. П. Бабаевский	С. П. Бабаевский	С. П. Бабаевский	С. П. Бабаевский	С. П. Бабаевский	С. П. Бабаевский	С. П. Бабаевский	С. П. Бабаевский	С. П. Бабаевский	С. П. Бабаевский	С. П. Бабаевский	С. П. Бабаевский	С. П. Бабаевский	С. П. Бабаевский	С. П. Бабаевский	С. П. Бабаевский	С. П. Бабаевский	С. П. Бабаевский	С. П. Бабаевский	С. П. Бабаевский	С. П. Бабаевский	С. П. Бабаевский	С. П. Бабаевский	С. П. Бабаевский	С. П. Бабаевский	С. П. Бабаевский	С. П. Бабаевский	С. П. Бабаевский	С. П. Бабаевский	С. П. Бабаевский	С. П. Бабаевский	С. П. Бабаевский	С. П. Бабаевский	С. П. Бабаевский	С. П. Бабаевский	С. П. Бабаевский	С. П. Бабаевский	С. П. Бабаевский	С. П. Бабаевский	С. П. Бабаевский	С. П. Бабаевский	С. П. Бабаевский	С. П. Бабаевский	С. П. Бабаевский	С. П. Бабаевский	С. П. Бабаевский	С. П. Бабаевский	С. П. Бабаевский	С. П. Бабаевский	С. П. Бабаевский	С. П. Бабаевский	С. П. Бабаевский	С. П. Бабаевский	С. П. Бабаевский	С. П. Бабаевский	С. П. Бабаевский	С. П. Бабаевский	С. П. Бабаевский	С. П. Бабаевский	С. П. Бабаевский	С. П. Бабаевский	С. П. Бабаевский	С. П. Бабаевский	С. П. Бабаевский	С. П. Бабаевский	С. П. Бабаевский	С. П. Бабаевский	С. П. Бабаевский	С. П. Бабаевский	М. С. Бубеннов	М. С. Бубеннов	М. С. Бубеннов	М. С. Бубеннов	М. С. Бубеннов	М. С. Бубеннов	М. С. Бубеннов	М. С. Бубеннов	М. С. Бубеннов	М. С. Бубеннов	М. С. Бубеннов	М. С. Бубеннов	М. С. Бубеннов	М. С. Бубеннов	М. С. Бубеннов	М. С. Бубеннов	М. С. Бубеннов	М. С. Бубеннов	М. С. Бубеннов	С. А. Васильев	С. А. Васильев	С. А. Васильев	С. А. Васильев	С. А. Васильев	С. А. Васильев	С. А. Васильев	С. А. Васильев	С. А. Васильев	С. А. Васильев	С. А. Васильев	С. А. Васильев	С. А. Васильев	С. А. Васильев	С. А. Васильев	С. А. Васильев	С. А. Васильев	С. А. Васильев	С. А. Васильев	С. А. Васильев	С. А. Васильев	С. А. Васильев	С. А. Васильев	С. А. Васильев	С. А. Васильев	С. А. Васильев	С. А. Васильев	С. А. Васильев	С. А. Васильев	С. А. Васильев	С. А. Васильев	С. А. Васильев	С. А. Васильев	С. А. Васильев	С. А. Васильев	С. А. Васильев	С. А. Васильев	С. А. Васильев	С. А. Васильев	С. А. Васильев	С. А. Васильев	С. А. Васильев	С. А. Васильев	С. А. Васильев	С. А. Васильев	С. А. Васильев	С. А. Васильев	С. А. Васильев	С. А. Васильев	С. А. Васильев	С. А. Васильев	С. А. Васильев	С. А. Васильев	С. А. Васильев	С. А. Васильев	С. А. Васильев	С. А. Васильев	С. А. Васильев	С. А. Васильев	С. А. Васильев	С. А. Васильев	С. А. Васильев	С. А. Васильев
Editor	С. А. Васильев	С. А. Васильев	С. А. Васильев	С. А. Васильев	С. А. Васильев	С. А. Васильев	С. А. Васильев	С. А. Васильев	С. А. Васильев	С. А. Васильев	С. А. Васильев	С. А. Васильев	С. А. Васильев	И. Ф. Виниченко	И. Ф. Виниченко	И. Ф. Виниченко	И. Ф. Виниченко	И. Ф. Виниченко	И. Ф. Виниченко	И. Ф. Виниченко	И. Ф. Виниченко	И. Ф. Виниченко	И. Ф. Виниченко	С. А. Васильев	С. А. Васильев	С. А. Васильев	С. А. Васильев	С. А. Васильев	С. А. Васильев	С. А. Васильев	С. А. Васильев	С. А. Васильев	С. А. Васильев	С. А. Васильев	С. А. Васильев	С. А. Васильев	М. С. Бубеннов	М. С. Бубеннов	М. С. Бубеннов	М. С. Бубеннов	М. С. Бубеннов	М. С. Бубеннов	М. С. Бубеннов	М. С. Бубеннов	М. С. Бубеннов	М. С. Бубеннов	М. С. Бубеннов	М. С. Бубеннов	М. С. Бубеннов	М. С. Бубеннов	М. С. Бубеннов	М. С. Бубеннов	М. С. Бубеннов	М. С. Бубеннов	М. С. Бубеннов	М. С. Бубеннов	М. С. Бубеннов	М. С. Бубеннов	М. С. Бубеннов	М. С. Бубеннов	М. С. Бубеннов	М. С. Бубеннов	М. С. Бубеннов	М. С. Бубеннов	М. С. Бубеннов	М. С. Бубеннов	М. С. Бубеннов	М. С. Бубеннов	М. С. Бубеннов	М. С. Бубеннов	М. С. Бубеннов	М. С. Бубеннов	М. С. Бубеннов	М. С. Бубеннов	М. С. Бубеннов	М. С. Бубеннов	М. С. Бубеннов	М. С. Бубеннов	М. С. Бубеннов	М. С. Бубеннов	М. С. Бубеннов	М. С. Бубеннов	М. С. Бубеннов	М. С. Бубеннов	М. С. Бубеннов	М. С. Бубеннов	М. С. Бубеннов	М. С. Бубеннов	М. С. Бубеннов	М. С. Бубеннов	М. С. Бубеннов	М. С. Бубеннов	М. С. Бубеннов	М. С. Бубеннов	М. С. Бубеннов	М. С. Бубеннов	М. С. Бубеннов	М. С. Бубеннов	С. А. Васильев	С. А. Васильев	С. А. Васильев	С. А. Васильев	С. А. Васильев	С. А. Васильев	С. А. Васильев	С. А. Васильев	С. А. Васильев	С. А. Васильев	С. А. Васильев	С. А. Васильев	С. А. Васильев	С. А. Васильев	С. А. Васильев	С. А. Васильев	С. А. Васильев	С. А. Васильев	С. А. Васильев	З. Г. Гордейчев	З. Г. Гордейчев	З. Г. Гордейчев	З. Г. Гордейчев	З. Г. Гордейчев	З. Г. Гордейчев	З. Г. Гордейчев	З. Г. Гордейчев	З. Г. Гордейчев	З. Г. Гордейчев	З. Г. Гордейчев	З. Г. Гордейчев	З. Г. Гордейчев	З. Г. Гордейчев	З. Г. Гордейчев	З. Г. Гордейчев	З. Г. Гордейчев	З. Г. Гордейчев	З. Г. Гордейчев	З. Г. Гордейчев	З. Г. Гордейчев	З. Г. Гордейчев	З. Г. Гордейчев	З. Г. Гордейчев	З. Г. Гордейчев	З. Г. Гордейчев	З. Г. Гордейчев	З. Г. Гордейчев	З. Г. Гордейчев	З. Г. Гордейчев	З. Г. Гордейчев	З. Г. Гордейчев	З. Г. Гордейчев	З. Г. Гордейчев	З. Г. Гордейчев	З. Г. Гордейчев	З. Г. Гордейчев	З. Г. Гордейчев	З. Г. Гордейчев	З. Г. Гордейчев	З. Г. Гордейчев	З. Г. Гордейчев	З. Г. Гордейчев	З. Г. Гордейчев	З. Г. Гордейчев	З. Г. Гордейчев	З. Г. Гордейчев	З. Г. Гордейчев	З. Г. Гордейчев	З. Г. Гордейчев	З. Г. Гордейчев	Н. А. Горбачев	Н. А. Горбачев	Н. А. Горбачев	Н. А. Горбачев	Н. А. Горбачев	Н. А. Горбачев	Н. А. Горбачев	Н. А. Горбачев	Н. А. Горбачев	Н. А. Горбачев	Н. А. Горбачев	Н. А. Горбачев
Editor	Г. Я. Воробьев	Г. Я. Воробьев	Г. Я. Воробьев	Г. Я. Воробьев	Г. Я. Воробьев	Г. Я. Воробьев	Г. Я. Воробьев	Г. Я. Воробьев	Г. Я. Воробьев	В. В. Дементьев	И. Ф. Виниченко	И. Ф. Виниченко	И. Ф. Виниченко	В. В. Дементьев	В. В. Дементьев	В. В. Дементьев	В. В. Дементьев	В. В. Дементьев	В. В. Дементьев	В. В. Дементьев	В. В. Дементьев	В. В. Дементьев	В. В. Дементьев	И. Ф. Виниченко	И. Ф. Виниченко	И. Ф. Виниченко	И. Ф. Виниченко	И. Ф. Виниченко	И. Ф. Виниченко	И. Ф. Виниченко	И. Ф. Виниченко	В. В. Дементьев	И. Ф. Виниченко	И. Ф. Виниченко	И. Ф. Виниченко	И. Ф. Виниченко	С. А. Васильев	С. А. Васильев	С. А. Васильев	С. А. Васильев	С. А. Васильев	С. А. Васильев	С. А. Васильев	С. А. Васильев	С. А. Васильев	С. А. Васильев	С. А. Васильев	С. А. Васильев	С. А. Васильев	С. А. Васильев	С. А. Васильев	С. А. Васильев	С. А. Васильев	С. А. Васильев	С. А. Васильев	С. А. Васильев	С. А. Васильев	С. А. Васильев	С. А. Васильев	С. А. Васильев	С. А. Васильев	С. А. Васильев	С. А. Васильев	С. А. Васильев	С. А. Васильев	С. А. Васильев	С. А. Васильев	С. А. Васильев	С. А. Васильев	С. А. Васильев	С. А. Васильев	С. А. Васильев	С. А. Васильев	С. А. Васильев	С. А. Васильев	С. А. Васильев	С. А. Васильев	С. А. Васильев	С. А. Васильев	С. А. Васильев	С. А. Васильев	С. А. Васильев	С. А. Васильев	С. А. Васильев	С. А. Васильев	С. А. Васильев	С. А. Васильев	С. А. Васильев	С. А. Васильев	С. А. Васильев	С. А. Васильев	С. А. Васильев	С. А. Васильев	С. А. Васильев	С. А. Васильев	С. А. Васильев	С. А. Васильев	С. А. Васильев	В. В. Дементьев	В. В. Дементьев	В. В. Дементьев	В. В. Дементьев	В. В. Дементьев	В. В. Дементьев	В. В. Дементьев	В. В. Дементьев	В. В. Дементьев	В. В. Дементьев	В. В. Дементьев	В. В. Дементьев	В. В. Дементьев	В. В. Дементьев	В. В. Дементьев	В. В. Дементьев	В. В. Дементьев	В. В. Дементьев	В. В. Дементьев	Ю. В. Идашкин	Ю. В. Идашкин	Ю. В. Идашкин	Ю. В. Идашкин	Ю. В. Идашкин	Ю. В. Идашкин	Ю. В. Идашкин	Ю. В. Идашкин	Ю. В. Идашкин	Ю. В. Идашкин	Ю. В. Идашкин	Ю. В. Идашкин	Ю. В. Идашкин	Ю. В. Идашкин	Ю. В. Идашкин	Ю. В. Идашкин	Ю. В. Идашкин	Ю. В. Идашкин	Ю. В. Идашкин	Ю. В. Идашкин	Ю. В. Идашкин	Ю. В. Идашкин	Ю. В. Идашкин	Ю. В. Идашкин	Ю. В. Идашкин	Ю. В. Идашкин	Ю. В. Идашкин	Ю. В. Идашкин	Ю. В. Идашкин	Ю. В. Идашкин	Ю. В. Идашкин	Ю. В. Идашкин	Ю. В. Идашкин	Ю. В. Идашкин	Ю. В. Идашкин	Ю. В. Идашкин	Ю. В. Идашкин	Ю. В. Идашкин	Ю. В. Идашкин	Ю. В. Идашкин	Ю. В. Идашкин	Ю. В. Идашкин	Ю. В. Идашкин	Ю. В. Идашкин	Ю. В. Идашкин	Ю. В. Идашкин	Ю. В. Идашкин	Ю. В. Идашкин	Ю. В. Идашкин	Ю. В. Идашкин	Ю. В. Идашкин	З. Г. Гордейчев	З. Г. Гордейчев	З. Г. Гордейчев	З. Г. Гордейчев	З. Г. Гордейчев	З. Г. Гордейчев	З. Г. Гордейчев	З. Г. Гордейчев	З. Г. Гордейчев	З. Г. Гордейчев	З. Г. Гордейчев	З. Г. Гордейчев
Editor	А. А. Глазачев	А. А. Глазачев	А. А. Глазачев	А. А. Глазачев	А. А. Глазачев	В. В. Дементьев	В. В. Дементьев	В. В. Дементьев	В. В. Дементьев	А. М. Дроздов	В. В. Дементьев	В. В. Дементьев	В. В. Дементьев	А. М. Дроздов	А. М. Дроздов	А. М. Дроздов	А. М. Дроздов	А. М. Дроздов	А. М. Дроздов	А. М. Дроздов	А. М. Дроздов	А. М. Дроздов	А. М. Дроздов	В. В. Дементьев	В. В. Дементьев	В. В. Дементьев	В. В. Дементьев	В. В. Дементьев	В. В. Дементьев	В. В. Дементьев	В. В. Дементьев	А. М. Дроздов	В. В. Дементьев	В. В. Дементьев	В. В. Дементьев	В. В. Дементьев	И. Ф. Виниченко	И. Ф. Виниченко	И. Ф. Виниченко	И. Ф. Виниченко	И. Ф. Виниченко	И. Ф. Виниченко	И. Ф. Виниченко	И. Ф. Виниченко	И. Ф. Виниченко	И. Ф. Виниченко	И. Ф. Виниченко	И. Ф. Виниченко	И. Ф. Виниченко	И. Ф. Виниченко	И. Ф. Виниченко	И. Ф. Виниченко	И. Ф. Виниченко	И. Ф. Виниченко	И. Ф. Виниченко	В. В. Дементьев	В. В. Дементьев	В. В. Дементьев	В. В. Дементьев	В. В. Дементьев	В. В. Дементьев	В. В. Дементьев	В. В. Дементьев	В. В. Дементьев	В. В. Дементьев	В. В. Дементьев	В. В. Дементьев	В. В. Дементьев	В. В. Дементьев	В. В. Дементьев	В. В. Дементьев	В. В. Дементьев	В. В. Дементьев	В. В. Дементьев	В. В. Дементьев	В. В. Дементьев	В. В. Дементьев	В. В. Дементьев	В. В. Дементьев	В. В. Дементьев	В. В. Дементьев	В. В. Дементьев	В. В. Дементьев	В. В. Дементьев	В. В. Дементьев	В. В. Дементьев	В. В. Дементьев	В. В. Дементьев	В. В. Дементьев	В. В. Дементьев	В. В. Дементьев	В. В. Дементьев	В. В. Дементьев	В. В. Дементьев	В. В. Дементьев	В. В. Дементьев	В. В. Дементьев	В. В. Дементьев	Ю. Идашкин	Ю. Идашкин	Ю. Идашкин	Ю. Идашкин	Ю. Идашкин	Ю. Идашкин	Ю. Идашкин	Ю. Идашкин	Ю. Идашкин	Ю. Идашкин	Ю. Идашкин	Ю. Идашкин	Ю. Идашкин	Ю. Идашкин	Ю. Идашкин	Ю. Идашкин	Ю. Идашкин	Ю. Идашкин	Ю. Идашкин	А. П. Кешоков	А. П. Кешоков	А. П. Кешоков	А. П. Кешоков	А. П. Кешоков	А. П. Кешоков	А. П. Кешоков	А. П. Кешоков	А. П. Кешоков	А. П. Кешоков	А. П. Кешоков	А. П. Кешоков	А. П. Кешоков	А. П. Кешоков	А. П. Кешоков	А. П. Кешоков	А. П. Кешоков	А. П. Кешоков	А. П. Кешоков	А. П. Кешоков	А. П. Кешоков	А. П. Кешоков	А. П. Кешоков	А. П. Кешоков	А. П. Кешоков	А. П. Кешоков	А. П. Кешоков	А. П. Кешоков	А. П. Кешоков	А. П. Кешоков	А. П. Кешоков	А. П. Кешоков	А. П. Кешоков	А. П. Кешоков	А. П. Кешоков	А. П. Кешоков	А. П. Кешоков	А. П. Кешоков	А. П. Кешоков	А. П. Кешоков	А. П. Кешоков	А. П. Кешоков	А. П. Кешоков	А. П. Кешоков	А. П. Кешоков	А. П. Кешоков	А. П. Кешоков	А. П. Кешоков	А. П. Кешоков	А. П. Кешоков	А. П. Кешоков	Ю. В. Идашкин	Ю. В. Идашкин	Ю. В. Идашкин	Ю. В. Идашкин	Ю. В. Идашкин	Ю. В. Идашкин	Ю. В. Идашкин	Ю. В. Идашкин	Ю. В. Идашкин	Ю. В. Идашкин	Ю. В. Идашкин	Ю. В. Идашкин
Editor	В. В. Дементьев	В. В. Дементьев	В. В. Дементьев	В. В. Дементьев	В. В. Дементьев	А. М. Дроздов	А. М. Дроздов	А. М. Дроздов	А. М. Дроздов	Н. И. Замошкин	А. М. Дроздов	А. М. Дроздов	А. М. Дроздов	Н. И. Замошкин	Н. И. Замошкин	Н. И. Замошкин	Н. И. Замошкин	Н. И. Замошкин	Н. И. Замошкин	Н. И. Замошкин	Н. И. Замошкин	Н. И. Замошкин	Н. И. Замошкин	А. М. Дроздов	А. М. Дроздов	А. М. Дроздов	А. М. Дроздов	А. М. Дроздов	А. М. Дроздов	А. М. Дроздов	А. М. Дроздов	Н. И. Замошкин	А. М. Дроздов	А. М. Дроздов	А. М. Дроздов	А. М. Дроздов	В. В. Дементьев	В. В. Дементьев	В. В. Дементьев	В. В. Дементьев	В. В. Дементьев	В. В. Дементьев	В. В. Дементьев	В. В. Дементьев	В. В. Дементьев	В. В. Дементьев	В. В. Дементьев	В. В. Дементьев	В. В. Дементьев	В. В. Дементьев	В. В. Дементьев	В. В. Дементьев	В. В. Дементьев	В. В. Дементьев	В. В. Дементьев	А. М. Дроздов	А. М. Дроздов	А. М. Дроздов	А. М. Дроздов	А. М. Дроздов	А. М. Дроздов	А. М. Дроздов	А. М. Дроздов	А. М. Дроздов	А. М. Дроздов	А. М. Дроздов	А. М. Дроздов	А. М. Дроздов	А. Дремов	А. Дремов	А. Дремов	А. Дремов	А. Дремов	А. Дремов	А. Дремов	А. Дремов	А. Дремов	А. Дремов	А. Дремов	А. Дремов	А. Дремов	А. Дремов	А. Дремов	А. Дремов	А. Дремов	А. Дремов	А. Дремов	А. Дремов	А. Дремов	А. Дремов	А. Дремов	А. Дремов	А. Дремов	А. Дремов	А. Дремов	А. Дремов	Ю. Идашкин	Ю. Идашкин	Д. Краминов	Д. Краминов	Д. Краминов	Д. Краминов	Д. Краминов	Д. Краминов	Д. Краминов	Д. Краминов	Д. Краминов	Д. Краминов	Д. Краминов	Д. Краминов	Д. Краминов	Д. Краминов	Д. Краминов	Д. Краминов	Д. Краминов	Д. Краминов	Д. Краминов	Д. Ф. Краминов	Д. Ф. Краминов	Д. Ф. Краминов	Д. Ф. Краминов	Д. Ф. Краминов	Д. Ф. Краминов	Д. Ф. Краминов	Д. Ф. Краминов	Д. Ф. Краминов	Д. Ф. Краминов	Д. Ф. Краминов	Д. Ф. Краминов	Д. Ф. Краминов	Д. Ф. Краминов	Д. Ф. Краминов	Д. Ф. Краминов	Д. Ф. Краминов	Д. Ф. Краминов	Д. Ф. Краминов	Д. Ф. Краминов	Д. Ф. Краминов	Д. Ф. Краминов	Д. Ф. Краминов	Д. Ф. Краминов	Д. Ф. Краминов	Д. Ф. Краминов	Д. Ф. Краминов	Д. Ф. Краминов	Д. Ф. Краминов	Д. Ф. Краминов	Д. Ф. Краминов	Д. Ф. Краминов	Д. Ф. Краминов	Д. Ф. Краминов	Д. Ф. Краминов	Д. Ф. Краминов	Д. Ф. Краминов	Д. Ф. Краминов	Д. Ф. Краминов	Д. Ф. Краминов	Д. Ф. Краминов	Д. Ф. Краминов	Д. Ф. Краминов	Д. Ф. Краминов	Д. Ф. Краминов	Д. Ф. Краминов	Д. Ф. Краминов	Д. Ф. Краминов	Д. Ф. Краминов	Д. Ф. Краминов	Д. Ф. Краминов	А. П. Кешоков	А. П. Кешоков	А. П. Кешоков	А. П. Кешоков	А. П. Кешоков	А. П. Кешоков	А. П. Кешоков	А. П. Кешоков	А. П. Кешоков	А. П. Кешоков	А. П. Кешоков	А. П. Кешоков
Editor	А. М. Дроздов	А. М. Дроздов	А. М. Дроздов	А. М. Дроздов	А. М. Дроздов	Н. И. Замошкин	Н. И. Замошкин	Н. И. Замошкин	Н. И. Замошкин	Е. Ю. Мальцев	Н. И. Замошкин	Н. И. Замошкин	Н. И. Замошкин	Е. Ю. Мальцев	Е. Ю. Мальцев	Е. Ю. Мальцев	Е. Ю. Мальцев	Е. Ю. Мальцев	Е. Ю. Мальцев	Е. Ю. Мальцев	Е. Ю. Мальцев	Е. Ю. Мальцев	Е. Ю. Мальцев	Н. И. Замошкин	Н. И. Замошкин	Н. И. Замошкин	Н. И. Замошкин	Н. И. Замошкин	Н. И. Замошкин	Н. И. Замошкин	Н. И. Замошкин	Е. Ю. Мальцев	Н. И. Замошкин	Н. И. Замошкин	Н. И. Замошкин	Е. Ю. Мальцев	А. М. Дроздов	А. М. Дроздов	А. М. Дроздов	А. М. Дроздов	А. М. Дроздов	А. М. Дроздов	А. М. Дроздов	А. М. Дроздов	А. М. Дроздов	А. М. Дроздов	А. М. Дроздов	А. М. Дроздов	А. М. Дроздов	А. М. Дроздов	А. М. Дроздов	А. М. Дроздов	А. М. Дроздов	А. М. Дроздов	А. М. Дроздов	Ю. Идашкин	Ю. Идашкин	Ю. Идашкин	Ю. Идашкин	Ю. Идашкин	Ю. Идашкин	Ю. Идашкин	Ю. Идашкин	Ю. Идашкин	Ю. Идашкин	Ю. Идашкин	Ю. Идашкин	Ю. Идашкин	Ю. Идашкин	Ю. Идашкин	Ю. Идашкин	Ю. Идашкин	Ю. Идашкин	Ю. Идашкин	Ю. Идашкин	Ю. Идашкин	Ю. Идашкин	Ю. Идашкин	Ю. Идашкин	Ю. Идашкин	Ю. Идашкин	Ю. Идашкин	Ю. Идашкин	Ю. Идашкин	Ю. Идашкин	Ю. Идашкин	Ю. Идашкин	Ю. Идашкин	Ю. Идашкин	Ю. Идашкин	Ю. Идашкин	Ю. Идашкин	Ю. Идашкин	Ю. Идашкин	Ю. Идашкин	Ю. Идашкин	Д. Краминов	Д. Краминов	М. Михалев	М. Михалев	М. Михалев	М. Михалев	М. Михалев	М. Михалев	М. Михалев	М. Михалев	М. Михалев	М. Михалев	М. Михалев	М. Михалев	М. Михалев	М. Михалев	М. Михалев	М. Михалев	М. Михалев	М. Михалев	М. Михалев	В. Е. Максимов	В. Е. Максимов	В. Е. Максимов	В. Е. Максимов	В. Е. Максимов	В. Е. Максимов	В. Е. Максимов	В. Е. Максимов	В. Е. Максимов	В. Е. Максимов	В. Е. Максимов	М. Д. Михалев	М. Д. Михалев	М. Д. Михалев	М. Д. Михалев	М. Д. Михалев	М. Д. Михалев	М. Д. Михалев	М. Д. Михалев	М. Д. Михалев	М. Д. Михалев	М. Д. Михалев	М. Д. Михалев	М. Д. Михалев	М. Д. Михалев	М. Д. Михалев	М. Д. Михалев	М. Д. Михалев	М. Д. Михалев	М. Д. Михалев	М. Д. Михалев	М. Д. Михалев	М. Д. Михалев	М. Д. Михалев	М. Д. Михалев	М. Д. Михалев	М. Д. Михалев	М. Д. Михалев	М. Д. Михалев	М. Д. Михалев	М. Д. Михалев	М. Д. Михалев	М. Д. Михалев	М. Д. Михалев	М. Д. Михалев	М. Д. Михалев	М. Д. Михалев	М. Д. Михалев	М. Д. Михалев	М. Д. Михалев	М. Д. Михалев	Д. Ф. Краминов	Д. Ф. Краминов	Д. Ф. Краминов	Д. Ф. Краминов	Д. Ф. Краминов	Д. Ф. Краминов	Д. Ф. Краминов	Д. Ф. Краминов	Д. Ф. Краминов	Д. Ф. Краминов	Д. Ф. Краминов	Д. Ф. Краминов
Editor	Н. И. Замошкин	Н. И. Замошкин	Н. И. Замошкин	Н. И. Замошкин	Н. И. Замошкин	Е. Ю. Мальцев	Е. Ю. Мальцев	Е. Ю. Мальцев	Е. Ю. Мальцев	А. А. Первенцев	Е. Ю. Мальцев	Е. Ю. Мальцев	Е. Ю. Мальцев	А. А. Первенцев	А. А. Первенцев	А. А. Первенцев	А. А. Первенцев	А. А. Первенцев	А. А. Первенцев	А. А. Первенцев	А. А. Первенцев	А. А. Первенцев	А. А. Первенцев	Е. Ю. Мальцев	Е. Ю. Мальцев	Е. Ю. Мальцев	Е. Ю. Мальцев	Е. Ю. Мальцев	Е. Ю. Мальцев	Е. Ю. Мальцев	Е. Ю. Мальцев	А. А. Первенцев	Е. Ю. Мальцев	Е. Ю. Мальцев	Е. Ю. Мальцев	А. А. Первенцев	Е. Ю. Мальцев	А. А. Первенцев	А. А. Первенцев	А. Дымшиц	А. Дымшиц	А. Дымшиц	А. Дымшиц	А. Дымшиц	А. Дымшиц	А. А. Первенцев	А. А. Первенцев	А. А. Первенцев	А. А. Первенцев	А. А. Первенцев	А. А. Первенцев	А. А. Первенцев	А. А. Первенцев	Д. Краминов	Д. Краминов	Д. Краминов	Д. Краминов	Д. Краминов	Д. Краминов	Д. Краминов	Д. Краминов	Д. Краминов	Д. Краминов	Д. Краминов	Д. Краминов	Д. Краминов	Д. Краминов	Д. Краминов	Д. Краминов	Д. Краминов	Д. Краминов	Д. Краминов	Д. Краминов	Д. Краминов	Д. Краминов	Д. Краминов	Д. Краминов	Д. Краминов	Д. Краминов	Д. Краминов	Д. Краминов	Д. Краминов	Д. Краминов	Д. Краминов	Д. Краминов	Д. Краминов	Д. Краминов	Д. Краминов	Д. Краминов	Д. Краминов	Д. Краминов	Д. Краминов	Д. Краминов	Д. Краминов	Д. Краминов	Д. Краминов	М. Михалев	М. Михалев	В. Очеретин	В. Очеретин	В. Очеретин	В. Очеретин	В. Очеретин	В. Очеретин	В. Очеретин	В. Очеретин	В. Очеретин	В. Очеретин	В. Очеретин	В. Очеретин	В. Очеретин	В. Очеретин	В. Очеретин	В. Очеретин	В. Очеретин	В. Очеретин	В. Очеретин	М. Д. Михалев	М. Д. Михалев	М. Д. Михалев	М. Д. Михалев	М. Д. Михалев	М. Д. Михалев	М. Д. Михалев	М. Д. Михалев	М. Д. Михалев	М. Д. Михалев	М. Д. Михалев	А. А. Первенцев	А. А. Первенцев	А. А. Первенцев	А. А. Первенцев	А. А. Первенцев	А. А. Первенцев	А. А. Первенцев	А. А. Первенцев	А. А. Первенцев	А. А. Первенцев	А. А. Первенцев	А. А. Первенцев	А. А. Первенцев	А. А. Первенцев	А. А. Первенцев	А. А. Первенцев	А. А. Первенцев	А. А. Первенцев	А. А. Первенцев	А. А. Первенцев	А. А. Первенцев	А. А. Первенцев	А. А. Первенцев	А. А. Первенцев	А. А. Первенцев	А. А. Первенцев	А. А. Первенцев	А. А. Первенцев	А. А. Первенцев	А. А. Первенцев	А. А. Первенцев	А. А. Первенцев	А. А. Первенцев	А. А. Первенцев	А. А. Первенцев	А. А. Первенцев	А. А. Первенцев	А. А. Первенцев	А. А. Первенцев	А. А. Первенцев	М. Д. Михалев	М. Д. Михалев	М. Д. Михалев	М. Д. Михалев	М. Д. Михалев	М. Д. Михалев	М. Д. Михалев	М. Д. Михалев	М. Д. Михалев	М. Д. Михалев	М. Д. Михалев	М. Д. Михалев
Editor	И. Г. Падерин	И. Г. Падерин	И. Г. Падерин	И. Г. Падерин	И. Г. Падерин	А. А. Первенцев	А. А. Первенцев	А. А. Первенцев	А. А. Первенцев	В. В. Фролов	А. А. Первенцев	А. А. Первенцев	А. А. Первенцев											А. А. Первенцев	А. А. Первенцев	А. А. Первенцев	А. А. Первенцев	А. А. Первенцев	А. А. Первенцев	А. А. Первенцев	А. А. Первенцев	Ц. А. Степанян	А. А. Первенцев	А. А. Первенцев	А. А. Первенцев	Ц. А. Степанян	А. А. Первенцев	Ц. А. Степанян	Ц. А. Степанян	А. А. Первенцев	А. А. Первенцев	А. А. Первенцев	А. А. Первенцев	А. А. Первенцев	А. А. Первенцев	Ц. А. Степанян	Ц. А. Степанян	Ц. А. Степанян	Ц. А. Степанян	Ц. А. Степанян	Ц. А. Степанян	Ц. А. Степанян	Ц. А. Степанян	А. А. Первенцев	А. А. Первенцев	А. А. Первенцев	А. А. Первенцев	А. А. Первенцев	А. А. Первенцев	А. А. Первенцев	В. Очеретин	В. Очеретин	В. Очеретин	В. Очеретин	В. Очеретин	В. Очеретин	В. Очеретин	В. Очеретин	В. Очеретин	В. Очеретин	В. Очеретин	В. Очеретин	В. Очеретин	В. Очеретин	В. Очеретин	В. Очеретин	В. Очеретин	М. Михалев	М. Михалев	М. Михалев	М. Михалев	М. Михалев	М. Михалев	М. Михалев	М. Михалев	М. Михалев	М. Михалев	М. Михалев	М. Михалев	М. Михалев	М. Михалев	М. Михалев	М. Михалев	М. Михалев	М. Михалев	М. Михалев	В. Очеретин	В. Очеретин	А. А. Первенцев	А. А. Первенцев	А. А. Первенцев	А. А. Первенцев	А. А. Первенцев	А. А. Первенцев	А. А. Первенцев	А. А. Первенцев	А. А. Первенцев	А. А. Первенцев	А. А. Первенцев	А. А. Первенцев	А. А. Первенцев	А. А. Первенцев	А. А. Первенцев	А. А. Первенцев	А. А. Первенцев	А. А. Первенцев	А. А. Первенцев	А. А. Первенцев	А. А. Первенцев	А. А. Первенцев	А. А. Первенцев	А. А. Первенцев	А. А. Первенцев	А. А. Первенцев	А. А. Первенцев	А. А. Первенцев	А. А. Первенцев	А. А. Первенцев	А. А. Прокофьев	А. А. Прокофьев	А. А. Прокофьев	А. А. Прокофьев	А. А. Прокофьев	А. А. Прокофьев	А. А. Прокофьев	А. А. Прокофьев	А. А. Прокофьев	А. А. Прокофьев	А. А. Прокофьев	А. А. Прокофьев	А. А. Прокофьев	А. А. Прокофьев	А. А. Прокофьев	А. А. Прокофьев	А. А. Прокофьев	А. А. Прокофьев	А. А. Прокофьев	А. А. Прокофьев	А. А. Прокофьев	А. А. Прокофьев	А. А. Прокофьев	А. А. Прокофьев	А. А. Прокофьев	А. А. Прокофьев	А. А. Прокофьев	А. А. Прокофьев	А. А. Прокофьев	А. А. Прокофьев	А. А. Прокофьев	А. А. Прокофьев	А. А. Прокофьев	А. А. Прокофьев	А. А. Прокофьев	А. А. Прокофьев	А. А. Прокофьев	А. А. Прокофьев			А. А. Первенцев	А. А. Первенцев	А. А. Первенцев	А. А. Первенцев	А. А. Первенцев	А. А. Первенцев	А. А. Первенцев	А. А. Первенцев	А. А. Первенцев	А. А. Первенцев	А. А. Первенцев	А. А. Первенцев
Editor	А. А. Первенцев	А. А. Первенцев	А. А. Первенцев	А. А. Первенцев	А. А. Первенцев	В. В. Фролов	В. В. Фролов	В. В. Фролов	В. В. Фролов	Л. Р. Шейнин	В. В. Фролов	В. В. Фролов	В. В. Фролов															Н. Е. Силаев	Н. Е. Силаев	Н. Е. Силаев	Ц. А. Степанян	В. Д. Пекелис	В. Д. Пекелис	Ц. А. Степанян	Ц. А. Степанян	Н. Е. Силаев	Ц. А. Степанян	Н. Е. Силаев	Н. Е. Силаев	Ц. А. Степанян	Ц. А. Степанян	Ц. А. Степанян	Ц. А. Степанян	Ц. А. Степанян	Ц. А. Степанян	П. Строков	П. Строков	П. Строков	П. Строков	П. Строков	П. Строков	П. Строков	П. Строков			П. Строков	П. Строков	П. Строков	П. Строков	П. Строков	А. А. Первенцев	А. А. Первенцев	А. А. Первенцев	А. А. Первенцев	А. А. Первенцев	А. А. Первенцев	А. А. Первенцев	А. А. Первенцев	А. А. Первенцев	А. А. Первенцев	А. А. Первенцев	А. А. Первенцев	А. А. Первенцев	А. А. Первенцев	А. А. Первенцев	А. А. Первенцев	А. А. Первенцев	В. Очеретин	В. Очеретин	В. Очеретин	В. Очеретин	В. Очеретин	В. Очеретин	В. Очеретин	В. Очеретин	В. Очеретин	В. Очеретин	В. Очеретин	В. Очеретин	В. Очеретин	В. Очеретин	В. Очеретин	В. Очеретин	В. Очеретин	В. Очеретин	В. Очеретин	А. А. Первенцев	А. А. Первенцев																				А. А. Прокофьев	А. А. Прокофьев	А. А. Прокофьев	А. А. Прокофьев	А. А. Прокофьев	А. А. Прокофьев	А. А. Прокофьев	А. А. Прокофьев	А. А. Прокофьев	А. А. Прокофьев	А. А. Прокофьев	Д. Стариков	Д. Стариков	Д. Стариков	Д. Стариков	Д. Стариков	Д. Стариков	Д. Стариков	Д. Стариков	Д. Стариков	Д. Стариков	Д. Стариков																																									
Editor	Б. С. Ромашов	Б. С. Ромашов	Б. С. Ромашов	Б. С. Ромашов	Б. С. Ромашов	Л. Р. Шейнин	Л. Р. Шейнин	Л. Р. Шейнин	Л. Р. Шейнин		Л. Р. Шейнин	Л. Р. Шейнин	Л. Р. Шейнин																		В. Д. Пекелис			В. Д. Пекелис	В. Д. Пекелис		Н. Е. Силаев			Н. Е. Силаев	П. Строков	П. Строков	П. Строков	П. Строков	П. Строков	Л. Р. Шейнин	Л. Р. Шейнин	Л. Р. Шейнин	Л. Р. Шейнин	Л. Р. Шейнин	Л. Р. Шейнин	Л. Р. Шейнин	Л. Р. Шейнин	П. Строков	П. Строков	Л. Р. Шейнин	Л. Р. Шейнин	Л. Р. Шейнин	Л. Р. Шейнин	Л. Р. Шейнин	И. Стаднюк	И. Стаднюк	И. Стаднюк	И. Стаднюк	И. Стаднюк	И. Стаднюк	И. Стаднюк	И. Стаднюк	И. Стаднюк	И. Стаднюк	И. Стаднюк	И. Стаднюк	И. Стаднюк	И. Стаднюк	И. Стаднюк	И. Стаднюк	И. Стаднюк	А. А. Первенцев	А. А. Первенцев	А. А. Первенцев	А. А. Первенцев	А. А. Первенцев	А. А. Первенцев	А. А. Первенцев	А. А. Первенцев	А. А. Первенцев	А. А. Первенцев	А. А. Первенцев	А. А. Первенцев	А. А. Первенцев	А. А. Первенцев	А. А. Первенцев	А. А. Первенцев	А. А. Первенцев	А. А. Первенцев	А. А. Первенцев																																																																																				
Editor	Л. Р. Шейнин	Л. Р. Шейнин	Л. Р. Шейнин	Л. Р. Шейнин	Л. Р. Шейнин																																				Н. Е. Силаев	Н. Е. Силаев	Н. Е. Силаев	Л. Р. Шейнин	Л. Р. Шейнин	Н. Е. Силаев	Н. Е. Силаев	Н. Е. Силаев	Н. Е. Силаев					Л. Р. Шейнин	Л. Р. Шейнин						П. Строков	П. Строков	П. Строков	П. Строков	П. Строков				А. М. Дроздов	А. М. Дроздов	А. М. Дроздов	А. М. Дроздов						И. Стаднюк	И. Стаднюк	И. Стаднюк	И. Стаднюк	И. Стаднюк	И. Стаднюк	И. Стаднюк	И. Стаднюк	И. Стаднюк	И. Стаднюк	И. Стаднюк	И. Стаднюк	И. Стаднюк	И. Стаднюк																																																																																									
Editor	М. А. Шолохов	М. А. Шолохов	М. А. Шолохов	М. А. Шолохов	М. А. Шолохов																																							Н. Е. Силаев	Н. Е. Силаев																																																																																																																																							